imsi-23456543321,4d66281adcc7503002b1f6011764730c5a32c601b7395825593c15fb1f836babe405dacb3991b22d,b9b9,1e80377d3c9f430185c635501a28b22304f2b3d2090c53047c5030bb84c071c3e405dacb3991b22d,key1
imsi-76543453212,4d66281adcc7503002b1f6011764730c5a32c601b7395825593c15fb1f836babe405dacb3991b22d,b9b9,1e90377d3c9f430185c635501a28b22304f2b3d2090c53047c5030bb84c071c3e405dacb3991b22d,key2
imsi-66542343513,4d66281adcc7503002b1f6011764730c5a32c601b7395825593c15fb1f836babe405dacb3991b22d,b9b9,1e70377d3c9f430185c635501a28b22304f2b3d2090c53047c5030bb84c071c3e405dacb3991b22d,key3
imsi-76542324141,4d66281adcc7503002b1f6011764730c5a32c601b7395825593c15fb1f836babe405dacb3991b22d,b9b9,1e60377d3c9f430185c635501a28b22304f2b3d2090c53047c5030bb84c071c3e405dacb3991b22d,key4
imsi-42456543321,4d66281adcc7503002b1f6011764730c5a32c601b7395825593c15fb1f836babe405dacb3991b22d,b9b9,1e80377d3c9f430185c635501a28b22304f2b3d2090c53047c5030bb84c071c3e405dacb3991b22d,key5
imsi-13543453212,4d66281adcc7503002b1f6011764730c5a32c601b7395825593c15fb1f836babe405dacb3991b22d,b9b9,1e90377d3c9f430185c635501a28b22304f2b3d2090c53047c5030bb84c071c3e405dacb3991b22d,key6
imsi-65542343513,4d66281adcc7503002b1f6011764730c5a32c601b7395825593c15fb1f836babe405dacb3991b22d,b9b9,1e70377d3c9f430185c635501a28b22304f2b3d2090c53047c5030bb84c071c3e405dacb3991b22d,key7
imsi-45542324141,4d66281adcc7503002b1f6011764730c5a32c601b7395825593c15fb1f836babe405dacb3991b22d,b9b9,1e60377d3c9f430185c635501a28b22304f2b3d2090c53047c5030bb84c071c3e405dacb3991b22d,key8
imsi-65542343135,4d66281adcc7503002b1f6011764730c5a32c601b7395825593c15fb1f836babe405dacb3991b22d,b9b9,1e70377d3c9f430185c635501a28b22304f2b3d2090c53047c5030bb84c071c3e405dacb3991b22d,key9
imsi-45542324653,4d66281adcc7503002b1f6011764730c5a32c601b7395825593c15fb1f836babe405dacb3991b22d,b9b9,1e60377d3c9f430185c635501a28b22304f2b3d2090c53047c5030bb84c071c3e405dacb3991b22d,key10
